Rank,Player,Age,Tm,First,Pts_Won,Pts_Max,Share,G,MP,PTS,TRB,AST,STL,BLK,FG_pct,X3P_pct,FT_pct,WS,WS48,WinPct,pra,Fitted,SeasonID,WinPct_Rounded,PositiveMedia,NegativeMedia,Media
1,Shai Gilgeous-Alexander,27,OKC,83,939,1000,0.939,68,33.2,31.1,4.3,6.6,1.4,0.8,0.553,0.386,0.879,15.2,0.323,0.78049,42,0,2026,8,0,0,0
2,Nikola Jokić,30,DEN,10,634,1000,0.634,65,34.8,27.7,12.9,10.7,1.4,0.8,0.569,0.38,0.831,14.9,0.316,0.65854,51.3,0,2026,7,0,0,0
3,Victor Wembanyama,22,SAS,5,569,1000,0.569,64,29.2,25,11.5,3.1,1,3.1,0.512,0.349,0.827,10,0.257,0.7561,39.6,0,2026,8,0,0,0
1,Shai Gilgeous-Alexander,26,OKC,71,913,1000,0.913,76,34.2,32.7,5,6.4,1.7,1,0.519,0.375,0.898,16.7,0.309,0.82927,44.1,0,2025,8,0,0,0
2,Nikola Jokić,29,DEN,29,787,1000,0.787,70,36.7,29.6,12.7,10.2,1.8,0.6,0.576,0.417,0.8,16.4,0.307,0.60976,52.5,0,2025,6,0,0,0
3,Giannis Antetokounmpo,30,MIL,0,470,1000,0.47,67,34.2,30.4,11.9,6.5,0.9,1.2,0.601,0.222,0.617,11.5,0.241,0.58537,48.8,0,2025,6,0,0,0
1,Nikola Jokić,28,DEN,79,926,990,0.935,79,34.6,26.4,12.4,9,1.4,0.9,0.583,0.359,0.817,17,0.299,0.69512,47.8,0,2024,7,0,0,0
2,Shai Gilgeous-Alexander,25,OKC,15,640,990,0.646,75,34,30.1,5.5,6.2,2,0.9,0.535,0.353,0.874,14.6,0.275,0.69512,41.8,0,2024,7,0,0,0
3,Luka Dončić,24,DAL,4,566,990,0.572,70,37.5,33.9,9.2,9.8,1.4,0.5,0.487,0.382,0.786,12,0.22,0.60976,52.9,0,2024,6,0,0,0
1,Joel Embiid,28,PHI,73,915,1000,0.915,66,34.6,33.1,10.2,4.2,1,1.7,0.548,0.33,0.857,12.3,0.259,0.65854,47.5,0,2023,7,1,0,1
2,Nikola Jokić,27,DEN,15,674,1000,0.674,69,33.7,24.5,11.8,9.8,1.3,0.7,0.632,0.383,0.822,14.9,0.308,0.64634,46.1,0,2023,6,0,1,-1
3,Giannis Antetokounmpo,28,MIL,12,606,1000,0.606,63,32.1,31.1,11.8,5.7,0.8,0.8,0.553,0.275,0.645,8.6,0.204,0.70732,48.6,0,2023,7,0,0,0
1,Nikola Jokić,26,DEN,65,875,1000,0.875,74,33.5,27.1,13.8,7.9,1.5,0.9,0.583,0.337,0.81,15.2,0.296,0.65278,48.8,0,2022,7,0,0,0
2,Joel Embiid,27,PHI,26,706,1000,0.706,68,33.8,30.6,11.7,4.2,1.1,1.5,0.499,0.371,0.814,12,0.252,0.68056,46.5,0,2022,7,0,0,0
3,Giannis Antetokounmpo,27,MIL,9,595,1000,0.595,67,32.9,29.9,11.6,5.8,1.1,1.4,0.553,0.293,0.722,12.9,0.281,0.63889,47.3,0,2022,6,0,0,0
1,Nikola Jokić,25,DEN,91,971,1010,0.961,72,34.6,26.4,10.8,8.3,1.3,0.7,0.566,0.388,0.868,15.6,0.301,0.65278,45.5,0,2021,7,0,0,0
2,Joel Embiid,26,PHI,1,586,1010,0.58,51,31.1,28.5,10.6,2.8,1,1.4,0.513,0.377,0.859,8.8,0.266,0.68056,41.9,0,2021,7,0,0,0
3,Stephen Curry,32,GSW,5,453,1010,0.449,63,34.2,32,5.5,5.8,1.2,0.1,0.482,0.421,0.916,9,0.201,0.54167,43.3,0,2021,5,0,1,-1
1,Giannis Antetokounmpo,25,MIL,85,962,1010,0.952,63,30.4,29.5,13.6,5.6,1,1,0.553,0.304,0.633,11.1,0.279,0.76712,48.7,0,2020,8,0,0,0
2,LeBron James,35,LAL,16,753,1010,0.746,67,34.6,25.3,7.8,10.2,1.2,0.5,0.493,0.348,0.693,9.8,0.204,0.73239,43.3,0,2020,7,0,0,0
3,James Harden,30,HOU,0,367,1010,0.363,68,36.5,34.3,6.6,7.5,1.8,0.9,0.444,0.355,0.865,13.1,0.254,0.61111,48.4,0,2020,6,0,0,0
1,Giannis Antetokounmpo,24,MIL,78,941,1010,0.932,72,32.8,27.7,12.5,5.9,1.3,1.5,0.578,0.256,0.729,14.4,0.292,0.73171,46.1,0,2019,7,0,0,0
2,James Harden,29,HOU,23,776,1010,0.768,78,36.8,36.1,6.6,7.5,2,0.7,0.442,0.368,0.879,15.2,0.254,0.64634,50.2,0,2019,6,0,0,0
3,Paul George,28,OKC,0,356,1010,0.352,77,36.9,28,8.2,4.1,2.2,0.4,0.438,0.386,0.839,11.9,0.201,0.59756,40.3,0,2019,6,0,0,0
1,James Harden,28,HOU,86,965,1010,0.955,72,35.4,30.4,5.4,8.8,1.8,0.7,0.449,0.367,0.858,15.4,0.289,0.79268,44.6,0,2018,8,0,0,0
2,LeBron James,33,CLE,15,738,1010,0.731,82,36.9,27.5,8.6,9.1,1.4,0.9,0.542,0.367,0.731,14,0.221,0.60976,45.2,0,2018,6,0,0,0
3,Anthony Davis,24,NOP,0,445,1010,0.441,75,36.4,28.1,11.1,2.3,1.5,2.6,0.534,0.34,0.828,13.7,0.241,0.58537,41.5,0,2018,6,0,0,0
1,Russell Westbrook,28,OKC,69,888,1010,0.879,81,34.6,31.6,10.7,10.4,1.6,0.4,0.425,0.343,0.845,13.1,0.224,0.57317,52.7,0,2017,6,2,0,2
2,James Harden,27,HOU,22,753,1010,0.746,81,36.4,29.1,8.1,11.2,1.5,0.5,0.44,0.347,0.847,15,0.245,0.67073,48.4,0,2017,7,0,0,0
3,Kawhi Leonard,25,SAS,9,500,1010,0.495,74,33.4,25.5,5.8,3.5,1.8,0.7,0.485,0.38,0.88,13.6,0.264,0.7439,34.8,0,2017,7,0,0,0
1,Stephen Curry,27,GSW,131,1310,1310,1,79,34.2,30.1,5.4,6.7,2.1,0.2,0.504,0.454,0.908,17.9,0.318,0.89024,42.2,0,2016,9,2,0,2
2,Kawhi Leonard,24,SAS,0,634,1310,0.484,72,33.1,21.2,6.8,2.6,1.8,1,0.506,0.443,0.874,13.7,0.277,0.81707,30.6,0,2016,8,0,0,0
3,LeBron James,31,CLE,0,631,1310,0.482,76,35.6,25.3,7.4,6.8,1.4,0.6,0.52,0.309,0.731,13.6,0.242,0.69512,39.5,0,2016,7,0,0,0
1,Stephen Curry,26,GSW,100,1198,1300,0.922,80,32.7,23.8,4.3,7.7,2,0.2,0.487,0.443,0.914,15.7,0.288,0.81707,35.8,0,2015,8,0,0,0
2,James Harden,25,HOU,25,936,1300,0.72,81,36.8,27.4,5.7,7,1.9,0.7,0.44,0.375,0.868,16.4,0.265,0.68293,40.1,0,2015,7,0,0,0
3,LeBron James,30,CLE,5,552,1300,0.425,69,36.1,25.3,6,7.4,1.6,0.7,0.488,0.354,0.71,10.4,0.199,0.64634,38.7,0,2015,6,0,0,0
1,Kevin Durant,25,OKC,119,1232,1250,0.986,81,38.5,32,7.4,5.5,1.3,0.7,0.503,0.391,0.873,19.2,0.295,0.71951,44.9,0,2014,7,0,0,0
2,LeBron James,29,MIA,6,891,1250,0.713,77,37.7,27.1,6.9,6.3,1.6,0.3,0.567,0.379,0.75,15.9,0.264,0.65854,40.3,0,2014,7,0,1,-1
3,Blake Griffin,24,LAC,0,434,1250,0.347,80,35.8,24.1,9.5,3.9,1.2,0.6,0.528,0.273,0.715,12.2,0.205,0.69512,37.5,0,2014,7,0,0,0
1,LeBron James,28,MIA,120,1207,1210,0.998,76,37.9,26.8,8,7.3,1.7,0.9,0.565,0.406,0.753,19.3,0.322,0.80488,42.1,0,2013,8,1,0,1
2,Kevin Durant,24,OKC,0,765,1210,0.632,81,38.5,28.1,7.9,4.6,1.4,1.3,0.51,0.416,0.905,18.9,0.291,0.73171,40.6,0,2013,7,0,0,0
3,Carmelo Anthony,28,NYK,1,475,1210,0.393,67,37,28.7,6.9,2.6,0.8,0.5,0.449,0.379,0.83,9.5,0.184,0.65854,38.2,0,2013,7,0,0,0
1,LeBron James,27,MIA,85,1074,1210,0.888,62,37.5,27.1,7.9,6.2,1.9,0.8,0.531,0.362,0.771,14.5,0.298,0.69697,41.2,0,2012,7,0,0,0
2,Kevin Durant,23,OKC,24,889,1210,0.735,66,38.6,28,8,3.5,1.3,1.2,0.496,0.387,0.86,12.2,0.23,0.71212,39.5,0,2012,7,0,0,0
3,Chris Paul,26,LAC,6,385,1210,0.318,60,36.4,19.8,3.6,9.1,2.5,0.1,0.478,0.371,0.861,12.7,0.278,0.60606,32.5,0,2012,6,0,0,0
1,Derrick Rose,22,CHI,113,1182,1210,0.977,81,37.4,25,4.1,7.7,1,0.6,0.445,0.332,0.858,13.1,0.208,0.7561,36.8,0,2011,8,1,0,1
2,Dwight Howard,25,ORL,3,643,1210,0.531,78,37.6,22.9,14.1,1.4,1.4,2.4,0.593,0,0.596,14.4,0.235,0.63415,38.4,0,2011,6,0,0,0
3,LeBron James,26,MIA,4,522,1210,0.431,79,38.8,26.7,7.5,7,1.6,0.6,0.51,0.33,0.759,15.6,0.244,0.70732,41.2,0,2011,7,0,2,-2
1,LeBron James,25,CLE,116,1205,1230,0.98,76,39,29.7,7.3,8.6,1.6,1,0.503,0.333,0.767,18.5,0.299,0.7439,45.6,0,2010,7,0,0,0
2,Kevin Durant,21,OKC,4,609,1230,0.495,82,39.5,30.1,7.6,2.8,1.4,1,0.476,0.365,0.9,16.1,0.238,0.60976,40.5,0,2010,6,0,0,0
3,Kobe Bryant,31,LAL,0,599,1230,0.487,73,38.8,27,5.4,5,1.5,0.3,0.456,0.329,0.811,9.4,0.16,0.69512,37.4,0,2010,7,0,0,0
1,LeBron James,24,CLE,109,1172,1210,0.969,81,37.7,28.4,7.6,7.2,1.7,1.1,0.489,0.344,0.78,20.3,0.318,0.805,43.2,0,2009,0.8,0,0,0
2,Kobe Bryant,30,LAL,2,698,1210,0.577,82,36.1,26.8,5.2,4.9,1.5,0.5,0.467,0.351,0.856,12.7,0.206,0.793,36.9,0,2009,0.8,0,0,0
3,Dwyane Wade,27,MIA,7,680,1210,0.562,79,38.6,30.2,5,7.5,2.2,1.3,0.491,0.317,0.765,14.7,0.232,0.524,42.7,0,2009,0.5,0,0,0
1,Kobe Bryant,29,LAL,82,1100,1260,0.873,82,38.9,28.3,6.3,5.4,1.8,0.5,0.459,0.361,0.84,13.8,0.208,0.695,40,0,2008,0.7,2,0,2
2,Chris Paul,22,NOH,28,894,1260,0.71,80,37.6,21.1,4,11.6,2.7,0.1,0.488,0.369,0.851,17.8,0.284,0.683,36.7,0,2008,0.7,0,0,0
3,Kevin Garnett,31,BOS,15,670,1260,0.532,71,32.8,18.8,9.2,3.4,1.4,1.3,0.539,0,0.801,12.9,0.265,0.805,31.4,0,2008,0.8,0,0,0
1,Dirk Nowitzki,28,DAL,83,1138,1290,0.882,78,36.2,24.6,8.9,3.4,0.7,0.8,0.502,0.416,0.904,16.3,0.278,0.817,36.9,0,2007,0.8,0,0,0
2,Steve Nash,32,PHO,44,1013,1290,0.785,76,35.3,18.6,3.5,11.6,0.8,0.1,0.532,0.455,0.899,12.6,0.225,0.744,33.7,0,2007,0.7,0,1,-1
3,Kobe Bryant,28,LAL,2,521,1290,0.404,77,40.8,31.6,5.7,5.4,1.4,0.5,0.463,0.344,0.868,13,0.199,0.512,42.7,0,2007,0.5,0,0,0
1,Steve Nash,31,PHO,57,924,1250,0.739,79,35.4,18.8,4.2,10.5,0.8,0.2,0.512,0.439,0.921,12.4,0.212,0.659,33.5,0,2006,0.7,1,0,1
2,LeBron James,21,CLE,16,688,1250,0.55,79,42.5,31.4,7,6.6,1.6,0.8,0.48,0.335,0.738,16.3,0.232,0.61,45,0,2006,0.6,0,0,0
3,Dirk Nowitzki,27,DAL,14,544,1250,0.435,81,38.1,26.6,9,2.8,0.7,1,0.48,0.406,0.901,17.7,0.275,0.732,38.4,0,2006,0.7,0,0,0
1,Steve Nash,30,PHO,65,1066,1270,0.839,75,34.3,15.5,3.3,11.5,1,0.1,0.502,0.431,0.887,10.9,0.203,0.756,30.3,0,2005,0.8,2,0,2
2,Shaquille O'Neal,32,MIA,58,1032,1270,0.813,73,34.1,22.9,10.4,2.7,0.5,2.3,0.601,0,0.461,11,0.211,0.72,36,0,2005,0.7,0,1,-1
3,Dirk Nowitzki,26,DAL,0,349,1270,0.275,78,38.7,26.1,9.7,3.1,1.2,1.5,0.459,0.399,0.869,15.6,0.248,0.707,38.9,0,2005,0.7,0,0,0
1,Kevin Garnett,27,MIN,120,1219,1230,0.991,82,39.4,24.2,13.9,5,1.5,2.2,0.499,0.256,0.791,18.3,0.272,0.707,43.1,0,2004,0.7,0,0,0
2,Tim Duncan,27,SAS,0,716,1230,0.582,69,36.6,22.3,12.4,3.1,0.9,2.7,0.501,0.167,0.599,13.1,0.249,0.695,37.8,0,2004,0.7,0,1,-1
3,Jermaine O'Neal,25,IND,2,523,1230,0.425,78,35.7,20.1,10,2.1,0.8,2.6,0.434,0.111,0.757,9,0.155,0.744,32.2,0,2004,0.7,0,0,0
1,Tim Duncan,26,SAS,60,962,1190,0.808,81,39.3,23.3,12.9,3.9,0.7,2.9,0.513,0.273,0.71,16.5,0.248,0.732,40.1,0,2003,0.7,0,0,0
2,Kevin Garnett,26,MIN,43,871,1190,0.732,82,40.5,23,13.4,6,1.4,1.6,0.502,0.282,0.751,15.6,0.225,0.622,42.4,0,2003,0.6,0,0,0
3,Kobe Bryant,24,LAL,8,496,1190,0.417,82,41.5,30,6.9,5.9,2.2,0.8,0.451,0.383,0.843,14.9,0.21,0.61,42.8,0,2003,0.6,0,0,0
1,Tim Duncan,25,SAS,57,954,1260,0.757,82,40.6,25.5,12.7,3.7,0.7,2.5,0.508,0.1,0.799,17.8,0.257,0.707,41.9,0,2002,0.7,0,0,0
2,Jason Kidd,28,NJN,45,897,1260,0.712,82,37.3,14.7,7.3,9.9,2.1,0.2,0.391,0.321,0.814,8.9,0.14,0.634,31.9,0,2002,0.6,0,0,0
3,Shaquille O'Neal,29,LAL,15,696,1260,0.552,67,36.1,27.2,10.7,3,0.6,2,0.579,0,0.555,13.2,0.262,0.707,40.9,0,2002,0.7,0,1,-1
1,Allen Iverson,25,PHI,93,1121,1240,0.904,71,42,31.1,3.8,4.6,2.5,0.3,0.42,0.32,0.814,11.8,0.19,0.683,39.5,0,2001,0.7,1,0,1
2,Tim Duncan,24,SAS,18,706,1240,0.569,82,38.7,22.2,12.2,3,0.9,2.3,0.499,0.259,0.618,13.2,0.2,0.707,37.4,0,2001,0.7,0,0,0
3,Shaquille O'Neal,28,LAL,7,578,1240,0.466,74,39.5,28.7,12.7,3.7,0.6,2.8,0.572,0,0.513,14.9,0.245,0.683,45.1,0,2001,0.7,0,0,0
1,Shaquille O'Neal,27,LAL,120,1207,1210,0.998,79,40,29.7,13.6,3.8,0.5,3,0.574,0,0.524,18.6,0.283,0.817,47.1,0,2000,0.8,1,0,1
2,Kevin Garnett,23,MIN,0,408,1210,0.337,81,40,22.9,11.8,5,1.5,1.6,0.497,0.37,0.765,11.6,0.172,0.61,39.7,0,2000,0.6,0,0,0
3,Alonzo Mourning,29,MIA,0,367,1210,0.303,79,34.8,21.7,9.5,1.6,0.5,3.7,0.551,0,0.711,12.9,0.226,0.634,32.8,0,2000,0.6,0,0,0