Rank,Player,Age,Tm,First,Pts_Won,Pts_Max,Share,G,MP,PTS,TRB,AST,STL,BLK,FG_pct,X3P_pct,FT_pct,WS,WS48,MVP_last3,MVP_career,WinPct,PrevWinPct,NonWinsLast3,ChampionshipsLast3Yrs,pra,Fitted,SeasonID,WinPct_Rounded,PRA_Z,WS48_Z,HistoricScore,PositiveMedia,NegativeMedia,Media
1,Shai Gilgeous-Alexander,27,OKC,83,939,1000,0.939,68,33.2,31.1,4.3,6.6,1.4,0.8,0.553,0.386,0.879,15.2,0.323,1,1,0.78049,0.82927,1,1,42,197.4568148,1,8,-0.3721799788,0.6711952034,0.2990152246,0,0,0
2,Nikola Jokić,30,DEN,10,634,1000,0.634,65,34.8,27.7,12.9,10.7,1.4,0.8,0.569,0.38,0.831,14.9,0.316,1,3,0.65854,0.60976,2,1,51.3,160.0496634,1,7,1.132721675,0.4781116518,1.610833326,0,0,0
3,Victor Wembanyama,22,SAS,5,569,1000,0.569,64,29.2,25,11.5,3.1,1,3.1,0.512,0.349,0.827,10,0.257,0,0,0.7561,0.41463,0,0,39.6,207.1102733,1,8,-0.7605416958,-1.149306855,-1.909848551,0,0,0
1,Shai Gilgeous-Alexander,26,OKC,71,913,1000,0.913,76,34.2,32.7,5,6.4,1.7,1,0.519,0.375,0.898,16.7,0.309,0,0,0.82927,0.69512,1,0,44.1,189.0100387,2,8,-1.037235418,0.6030003148,-0.4342351035,0,0,0
2,Nikola Jokić,29,DEN,29,787,1000,0.787,70,36.7,29.6,12.7,10.2,1.8,0.6,0.576,0.417,0.8,16.4,0.307,2,3,0.60976,0.69512,1,1,52.5,155.2229341,2,6,0.9580571421,0.5513145735,1.509371716,0,0,0
3,Giannis Antetokounmpo,30,MIL,0,470,1000,0.47,67,34.2,30.4,11.9,6.5,0.9,1.2,0.601,0.222,0.617,11.5,0.241,0,2,0.58537,0.59756,2,0,48.8,246.0024853,2,6,0.07917827621,-1.154314888,-1.075136612,0,0,0
1,Nikola Jokić,28,DEN,79,926,990,0.935,79,34.6,26.4,12.4,9,1.4,0.9,0.583,0.359,0.817,17,0.299,2,2,0.69512,0.64634,1,1,47.8,174.1276236,3,7,0.05399492472,0.8477150916,0.9017100163,0,0,0
2,Shai Gilgeous-Alexander,25,OKC,15,640,990,0.646,75,34,30.1,5.5,6.2,2,0.9,0.535,0.353,0.874,14.6,0.275,0,0,0.69512,0.4878,0,0,41.8,198.2612697,3,7,-1.02590357,0.2551375518,-0.7707660178,0,0,0
3,Luka Dončić,24,DAL,4,566,990,0.572,70,37.5,33.9,9.2,9.8,1.4,0.5,0.487,0.382,0.786,12,0.22,0,0,0.60976,0.46341,0,0,52.9,153.6140244,3,6,0.9719086449,-1.102852643,-0.1309439986,0,0,0
1,Joel Embiid,28,PHI,73,915,1000,0.915,66,34.6,33.1,10.2,4.2,1,1.7,0.548,0.33,0.857,12.3,0.259,0,0,0.65854,0.62195,2,0,47.5,175.3343059,4,7,0.07980868845,0.03844022029,0.1182489087,1,0,1
2,Nikola Jokić,27,DEN,15,674,1000,0.674,69,33.7,24.5,11.8,9.8,1.3,0.7,0.632,0.383,0.822,14.9,0.308,2,2,0.64634,0.58537,0,0,46.1,180.96549,4,6,-1.03751295,0.9802256173,-0.05728733251,0,1,-1
3,Giannis Antetokounmpo,28,MIL,12,606,1000,0.606,63,32.1,31.1,11.8,5.7,0.8,0.8,0.553,0.275,0.645,8.6,0.204,1,2,0.70732,0.62195,1,1,48.6,170.9098041,4,7,0.9577042614,-1.018665838,-0.06096157622,0,0,0
1,Nikola Jokić,26,DEN,65,875,1000,0.875,74,33.5,27.1,13.8,7.9,1.5,0.9,0.583,0.337,0.81,15.2,0.296,1,1,0.65278,0.65278,0,0,48.8,170.1053492,5,7,1.084829072,0.8792270443,1.964056116,0,0,0
2,Joel Embiid,27,PHI,26,706,1000,0.706,68,33.8,30.6,11.7,4.2,1.1,1.5,0.499,0.371,0.814,12,0.252,0,0,0.68056,0.68056,1,0,46.5,179.3565803,5,7,-0.8849921378,-1.08785719,-1.972849328,0,0,0
3,Giannis Antetokounmpo,27,MIL,9,595,1000,0.595,67,32.9,29.9,11.6,5.8,1.1,1.4,0.553,0.293,0.722,12.9,0.281,2,2,0.63889,0.63889,0,1,47.3,176.1387608,5,6,-0.1998369343,0.2086301461,0.008793211766,0,0,0
1,Nikola Jokić,25,DEN,91,971,1010,0.961,72,34.6,26.4,10.8,8.3,1.3,0.7,0.566,0.388,0.868,15.6,0.301,0,0,0.65278,0.63014,0,0,45.5,183.3788546,6,7,1.06534162,0.8867963503,1.95213797,0,0,0
2,Joel Embiid,26,PHI,1,586,1010,0.58,51,31.1,28.5,10.6,2.8,1,1.4,0.513,0.377,0.859,8.8,0.266,0,0,0.68056,0.58904,0,0,41.9,197.8590423,6,7,-0.918397948,0.1970658556,-0.7213320923,0,0,0
3,Stephen Curry,32,GSW,5,453,1010,0.449,63,34.2,32,5.5,5.8,1.2,0.1,0.482,0.421,0.916,9,0.201,0,2,0.54167,0.23077,0,1,43.3,268.1249942,6,5,-0.1469436717,-1.083862206,-1.230805878,0,0,0
1,Giannis Antetokounmpo,25,MIL,85,962,1010,0.952,63,30.4,29.5,13.6,5.6,1,1,0.553,0.304,0.633,11.1,0.279,1,1,0.76712,0.73171,0,0,48.7,170.5075767,7,8,0.626071286,0.8728715609,1.498942847,0,0,0
2,LeBron James,35,LAL,16,753,1010,0.746,67,34.6,25.3,7.8,10.2,1.2,0.5,0.493,0.348,0.693,9.8,0.204,0,4,0.73239,0.45122,1,0,43.3,192.2278582,7,7,-1.153289211,-1.091089451,-2.244378662,0,0,0
3,James Harden,30,HOU,0,367,1010,0.363,68,36.5,34.3,6.6,7.5,1.8,0.9,0.444,0.355,0.865,13.1,0.254,1,1,0.61111,0.64634,2,0,48.4,171.714259,7,6,0.5272179251,0.2182178902,0.7454358153,0,0,0
1,Giannis Antetokounmpo,24,MIL,78,941,1010,0.932,72,32.8,27.7,12.5,5.9,1.3,1.5,0.578,0.256,0.729,14.4,0.292,0,0,0.73171,0.53659,0,0,46.1,180.96549,8,7,0.1139196295,0.9408041741,1.054723804,0,0,0
2,James Harden,29,HOU,23,776,1010,0.768,78,36.8,36.1,6.6,7.5,2,0.7,0.442,0.368,0.879,15.2,0.254,1,1,0.64634,0.79268,1,0,50.2,164.4741652,8,6,0.9381616545,0.1093958342,1.047557489,0,0,0
3,Paul George,28,OKC,0,356,1010,0.352,77,36.9,28,8.2,4.1,2.2,0.4,0.438,0.386,0.839,11.9,0.201,0,0,0.59756,0.58537,0,0,40.3,280.1918173,8,6,-1.052081284,-1.050200008,-2.102281292,0,0,0
1,James Harden,28,HOU,86,965,1010,0.955,72,35.4,30.4,5.4,8.8,1.8,0.7,0.449,0.367,0.858,15.4,0.289,0,0,0.79268,0.67073,2,0,44.6,186.9989015,9,8,0.4196497889,1.106419011,1.5260688,0,0,0
2,LeBron James,33,CLE,15,738,1010,0.731,82,36.9,27.5,8.6,9.1,1.4,0.9,0.542,0.367,0.731,14,0.221,0,4,0.60976,0.62195,2,1,45.2,184.5855369,9,6,0.7217976369,-0.8393523531,-0.1175547162,0,0,0
3,Anthony Davis,24,NOP,0,445,1010,0.441,75,36.4,28.1,11.1,2.3,1.5,2.6,0.534,0.34,0.828,13.7,0.241,0,0,0.58537,0.41463,0,0,41.5,275.365088,9,6,-1.141447426,-0.2670666578,-1.408514084,0,0,0
1,Russell Westbrook,28,OKC,69,888,1010,0.879,81,34.6,31.6,10.7,10.4,1.6,0.4,0.425,0.343,0.845,13.1,0.224,0,0,0.57317,0.67073,0,0,52.7,230.3156153,10,6,0.7919535786,-1.01624332,-0.2242897415,2,0,2
2,James Harden,27,HOU,22,753,1010,0.746,81,36.4,29.1,8.1,11.2,1.5,0.5,0.44,0.347,0.847,15,0.245,0,0,0.67073,0.5,1,0,48.4,171.714259,10,7,0.331764337,0.03331945312,0.3650837901,0,0,0
3,Kawhi Leonard,25,SAS,9,500,1010,0.495,74,33.4,25.5,5.8,3.5,1.8,0.7,0.485,0.38,0.88,13.6,0.264,0,0,0.7439,0.81707,1,1,34.8,226.4171902,10,7,-1.123717916,0.982923867,-0.1407940486,0,0,0
1,Stephen Curry,27,GSW,131,1310,1310,1,79,34.2,30.1,5.4,6.7,2.1,0.2,0.504,0.454,0.908,17.9,0.318,1,1,0.89024,0.81707,0,1,42.2,196.65236,11,9,0.7852995075,1.02525133,1.810550838,2,0,2
2,Kawhi Leonard,24,SAS,0,634,1310,0.484,72,33.1,21.2,6.8,2.6,1.8,1,0.506,0.443,0.874,13.7,0.277,0,0,0.81707,0.67073,0,1,30.6,243.3107425,11,8,-1.125779014,-0.0525769913,-1.178356006,0,0,0
3,LeBron James,31,CLE,0,631,1310,0.482,76,35.6,25.3,7.4,6.8,1.4,0.6,0.52,0.309,0.731,13.6,0.242,1,4,0.69512,0.64634,2,1,39.5,207.5125007,11,7,0.3404795068,-0.972674339,-0.6321948322,0,0,0
1,Stephen Curry,26,GSW,100,1198,1300,0.922,80,32.7,23.8,4.3,7.7,2,0.2,0.487,0.443,0.914,15.7,0.288,0,0,0.81707,0.62195,0,0,35.8,222.3949158,12,8,-1.094305806,0.8081010004,-0.2862048058,0,0,0
2,James Harden,25,HOU,25,936,1300,0.72,81,36.8,27.4,5.7,7,1.9,0.7,0.44,0.375,0.868,16.4,0.265,0,0,0.68293,0.65854,0,0,40.1,205.0991361,12,7,0.8663254299,0.3102530626,1.176578493,0,0,0
3,LeBron James,30,CLE,5,552,1300,0.425,69,36.1,25.3,6,7.4,1.6,0.7,0.488,0.354,0.71,10.4,0.199,2,4,0.64634,0.43902,1,2,38.7,210.7303202,12,6,0.2279803763,-1.118354063,-0.8903736867,0,0,0
1,Kevin Durant,25,OKC,119,1232,1250,0.986,81,38.5,32,7.4,5.5,1.3,0.7,0.503,0.391,0.873,19.2,0.295,0,0,0.71951,0.73171,2,0,44.9,185.7922192,13,7,1.070575455,0.8821782428,1.952753698,0,0,0
2,LeBron James,29,MIA,6,891,1250,0.713,77,37.7,27.1,6.9,6.3,1.6,0.3,0.567,0.379,0.75,15.9,0.264,2,4,0.65854,0.80488,1,2,40.3,204.2946812,13,7,-0.1605863183,0.2041404198,0.04355410156,0,1,-1
3,Blake Griffin,24,LAC,0,434,1250,0.347,80,35.8,24.1,9.5,3.9,1.2,0.6,0.528,0.273,0.715,12.2,0.205,0,0,0.69512,0.68293,0,0,37.5,215.5570494,13,7,-0.9099891369,-1.086318663,-1.9963078,0,0,0
1,LeBron James,28,MIA,120,1207,1210,0.998,76,37.9,26.8,8,7.3,1.7,0.9,0.565,0.406,0.753,19.3,0.322,2,3,0.80488,0.69697,1,1,42.1,197.0545874,14,8,0.914991422,0.7780421654,1.693033587,1,0,1
2,Kevin Durant,24,OKC,0,765,1210,0.632,81,38.5,28.1,7.9,4.6,1.4,1.3,0.51,0.416,0.905,18.9,0.291,0,0,0.73171,0.71212,2,0,40.6,203.0879989,14,7,0.1524985703,0.3498887844,0.5023873548,0,0,0
3,Carmelo Anthony,28,NYK,1,475,1210,0.393,67,37,28.7,6.9,2.6,0.8,0.5,0.449,0.379,0.83,9.5,0.184,0,0,0.65854,0.54545,0,0,38.2,212.7414574,14,7,-1.067489992,-1.12793095,-2.195420942,0,0,0
1,LeBron James,27,MIA,85,1074,1210,0.888,62,37.5,27.1,7.9,6.2,1.9,0.8,0.531,0.362,0.771,14.5,0.298,2,2,0.69697,0.70732,1,0,41.2,200.6746343,15,7,0.7517897685,0.8393523531,1.591142122,0,0,0
2,Kevin Durant,23,OKC,24,889,1210,0.735,66,38.6,28,8,3.5,1.3,1.2,0.496,0.387,0.86,12.2,0.23,0,0,0.71212,0.67073,1,0,39.5,207.5125007,15,7,0.383123632,-1.106419011,-0.7232953789,0,0,0
3,Chris Paul,26,LAC,6,385,1210,0.318,60,36.4,19.8,3.6,9.1,2.5,0.1,0.478,0.371,0.861,12.7,0.278,0,0,0.60606,0.39024,0,0,32.5,235.6684212,15,6,-1.1349134,0.2670666578,-0.8678467427,0,0,0
1,Derrick Rose,22,CHI,113,1182,1210,0.977,81,37.4,25,4.1,7.7,1,0.6,0.445,0.332,0.858,13.1,0.208,0,0,0.7561,0.5,0,0,36.8,218.3726415,16,8,-0.8980265101,-1.120897077,-2.018923587,1,0,1
2,Dwight Howard,25,ORL,3,643,1210,0.531,78,37.6,22.9,14.1,1.4,1.4,2.4,0.593,0,0.596,14.4,0.235,0,0,0.63415,0.71951,0,0,38.4,211.9370025,16,6,-0.179605302,0.3202563076,0.1406510056,0,0,0
3,LeBron James,26,MIA,4,522,1210,0.431,79,38.8,26.7,7.5,7,1.6,0.6,0.51,0.33,0.759,15.6,0.244,2,2,0.70732,0.7439,0,0,41.2,200.6746343,16,7,1.077631812,0.800640769,1.878272581,0,2,-2
1,LeBron James,25,CLE,116,1205,1230,0.98,76,39,29.7,7.3,8.6,1.6,1,0.503,0.333,0.767,18.5,0.299,1,1,0.7439,0.80488,0,0,45.6,182.9766272,17,7,1.070736855,0.9568501814,2.027587036,0,0,0
2,Kevin Durant,21,OKC,4,609,1230,0.495,82,39.5,30.1,7.6,2.8,1.4,1,0.476,0.365,0.9,16.1,0.238,0,0,0.60976,0.28049,0,0,40.5,203.4902264,17,6,-0.1610130609,0.08133226542,-0.07968079548,0,0,0
3,Kobe Bryant,31,LAL,0,599,1230,0.487,73,38.8,27,5.4,5,1.5,0.3,0.456,0.329,0.811,9.4,0.16,1,1,0.69512,0.79268,2,1,37.4,215.9592769,17,7,-0.9097237941,-1.038182447,-1.947906241,0,0,0